mae,rmse,r2
0.016074806003513332,0.022971037516587838,0.9926382661152908
