mae,rmse,r2
0.017649603192024584,0.02904554852108651,0.9916639090674157
