mae,rmse,r2
0.014776661304348588,0.021298314213996177,0.9942139639287346
