mae,rmse,r2
0.016182748552993252,0.02655352251405829,0.9715232526297729
