mae,rmse,r2
0.01943427912970983,0.029435892492393704,0.9827959020506525
