mae,rmse,r2
0.016255911020996886,0.0386346079682849,0.9779469598501502
