mae,rmse,r2
0.02272646462636742,0.034788887033025524,0.9878539067928704
