mae,rmse,r2
0.023111874578663143,0.03576925119631796,0.9871704152734447
