mae,rmse,r2
0.017371187635523894,0.039347089560033084,0.9744515475805482
