mae,rmse,r2
0.015454044789347015,0.02495418991075276,0.9768654833784658
