mae,rmse,r2
0.015980965884798186,0.022726330839335205,0.9927942773602535
