mae,rmse,r2
0.021859171087648347,0.034189637786779976,0.9798522376164364
