mae,rmse,r2
0.017744121099750525,0.029270805078188907,0.9914492908662306
